Date;EventID;Event
05/06/2014;1;Sinksenfoor
08/06/2014;1;Sinksenfoor
09/06/2014;1;Sinksenfoor
10/06/2014;1;Sinksenfoor
11/06/2014;1;Sinksenfoor
12/06/2014;1;Sinksenfoor
13/06/2014;1;Sinksenfoor
14/06/2014;1;Sinksenfoor
15/06/2014;1;Sinksenfoor
16/06/2014;1;Sinksenfoor
17/06/2014;1;Sinksenfoor
18/06/2014;1;Sinksenfoor
19/06/2014;1;Sinksenfoor
20/06/2014;1;Sinksenfoor
21/06/2014;1;Sinksenfoor
22/06/2014;1;Sinksenfoor
23/06/2014;1;Sinksenfoor
24/06/2014;1;Sinksenfoor
25/06/2014;1;Sinksenfoor
26/06/2014;1;Sinksenfoor
27/06/2014;1;Sinksenfoor
28/06/2014;1;Sinksenfoor
29/06/2014;1;Sinksenfoor
30/06/2014;1;Sinksenfoor
01/07/2014;1;Sinksenfoor
02/07/2014;1;Sinksenfoor
03/07/2014;1;Sinksenfoor
04/07/2014;1;Sinksenfoor
05/07/2014;1;Sinksenfoor
06/07/2014;1;Sinksenfoor
07/07/2014;1;Sinksenfoor
08/07/2014;1;Sinksenfoor
09/07/2014;1;Sinksenfoor
10/07/2014;1;Sinksenfoor
11/07/2014;1;Sinksenfoor
12/07/2014;1;Sinksenfoor
13/07/2014;1;Sinksenfoor
07/12/2014;2;KerstSeizoen
08/12/2014;2;KerstSeizoen
09/12/2014;2;KerstSeizoen
10/12/2014;2;KerstSeizoen
11/12/2014;2;KerstSeizoen
12/12/2014;2;KerstSeizoen
13/12/2014;2;KerstSeizoen
14/12/2014;2;KerstSeizoen
15/12/2014;2;KerstSeizoen
16/12/2014;2;KerstSeizoen
17/12/2014;2;KerstSeizoen
18/12/2014;2;KerstSeizoen
19/12/2014;2;KerstSeizoen
20/12/2014;2;KerstSeizoen
21/12/2014;2;KerstSeizoen
22/12/2014;2;KerstSeizoen
23/12/2014;2;KerstSeizoen
24/12/2014;2;KerstSeizoen
25/12/2014;2;KerstSeizoen
26/12/2014;2;KerstSeizoen